Folder (Location),Flickr URL,Resolved Image URL,Photo ID,Notes,Folder Slug,Ready,Featured,Project,Species,Full Image URL,Flickr ID,Title,Date Taken,Width,Height,Camera,Lens,Shutter,Aperture,ISO,Focal Length,Exposure Mode,Metering,White Balance,Flash,Publish Status,Category,Homepage Order,Portfolio Order,Alt Text,Caption,Display Title,Description,Date Uploaded,Tags,Orientation,Aspect Ratio
Silver River,https://www.flickr.com/photos/204244048@N05/55275393790/,https://live.staticflickr.com/65535/55275393790_e70c958e89_m.jpg,1,,silver-river,Yes,true,,,https://live.staticflickr.com/65535/55275393790_e70c958e89_b.jpg,55275393790,BrandonAlleyPhotography_SiliverSprings_202605101269.jpg,2026-05-10 17:32:23,1024,683,Canon EOS R100,,1/200,,100,,Manual,Multi-segment,Auto,"Flash (off, did not fire)",Published,,,,Photography by Brandon Alley,Photography by Brandon Alley,BrandonAlleyPhotography_SiliverSprings_202605101269.jpg,,,,Landscape,1024:683
Silver River,https://www.flickr.com/photos/204244048@N05/55274997711/,https://live.staticflickr.com/65535/55274997711_a476e4b222_m.jpg,2,,silver-river,Yes,true,,,https://live.staticflickr.com/65535/55274997711_a476e4b222_b.jpg,55274997711,BrandonAlleyPhotography_SiliverSprings_202605101219.jpg,2026-05-10 17:28:51,1024,683,Canon EOS R100,,1/200,,100,,Manual,Multi-segment,Auto,"Flash (off, did not fire)",Published,,,,Photography by Brandon Alley,Photography by Brandon Alley,BrandonAlleyPhotography_SiliverSprings_202605101219.jpg,,,,Landscape,1024:683
Silver River,https://www.flickr.com/photos/204244048@N05/55275129113/,https://live.staticflickr.com/65535/55275129113_70d94a57ca_m.jpg,3,,silver-river,Yes,true,,,https://live.staticflickr.com/65535/55275129113_70d94a57ca_b.jpg,55275129113,BrandonAlleyPhotography_SiliverSprings_20260510946.jpg,2026-05-10 16:58:14,1024,683,Canon EOS R100,,1/200,,800,,Manual,Multi-segment,Auto,"Flash (off, did not fire)",Published,,,,Photography by Brandon Alley,Photography by Brandon Alley,BrandonAlleyPhotography_SiliverSprings_20260510946.jpg,,,,Landscape,1024:683
Silver River,https://www.flickr.com/photos/204244048@N05/55275393450/,https://live.staticflickr.com/65535/55275393450_ec5b55797a_m.jpg,4,,silver-river,Yes,true,,,https://live.staticflickr.com/65535/55275393450_ec5b55797a_b.jpg,55275393450,BrandonAlleyPhotography_SiliverSprings_20260510706.jpg,2026-05-10 16:08:25,1024,683,Canon EOS R100,,1/200,,100,,Auto,Multi-segment,Auto,"Flash (off, did not fire)",Published,,,,Photography by Brandon Alley,Photography by Brandon Alley,BrandonAlleyPhotography_SiliverSprings_20260510706.jpg,,,,Landscape,1024:683
Silver River,https://www.flickr.com/photos/204244048@N05/55274080112/,https://live.staticflickr.com/65535/55274080112_6213a4d98d_m.jpg,5,,silver-river,Yes,true,herons,Nyctanassa violacea,https://live.staticflickr.com/65535/55274080112_6213a4d98d_b.jpg,55274080112,BrandonAlleyPhotography_SiliverSprings_20260510596.jpg,2026-05-10 15:50:17,683,1024,Canon EOS R100,,1/200,,400,,Manual,Multi-segment,Auto,"Flash (off, did not fire)",Published,herons,,,Yellow-crowned Night-Heron,Yellow-crowned Night-Heron,BrandonAlleyPhotography_SiliverSprings_20260510596.jpg,,,,Portrait,683:1024
Silver River,https://www.flickr.com/photos/204244048@N05/55275128673/,https://live.staticflickr.com/65535/55275128673_79dac08b00_m.jpg,6,,silver-river,Yes,true,,,https://live.staticflickr.com/65535/55275128673_79dac08b00_b.jpg,55275128673,BrandonAlleyPhotography_SiliverSprings_20260510539.jpg,2026-05-10 15:44:35,1024,683,Canon EOS R100,,1/1250,,800,,Manual,Multi-segment,Auto,"Flash (off, did not fire)",Published,,,,Photography by Brandon Alley,Photography by Brandon Alley,BrandonAlleyPhotography_SiliverSprings_20260510539.jpg,,,,Landscape,1024:683
Unassigned,https://www.flickr.com/photos/204244048@N05/55250254275/,https://live.staticflickr.com/65535/55250254275_f0fc9c0970_m.jpg,7,,,Yes,true,,,https://live.staticflickr.com/65535/55250254275_f0fc9c0970_b.jpg,55250254275,BrandonAlleyPhotography_untitled shoot_2026050221.jpg,2026-05-02 16:46:09,819,1024,Canon EOS R100,RF50mm F1.8 STM,1/40,f/1.8,100,50.0 mm,Auto,Multi-segment,Auto,"Flash (off, did not fire)",Published,,,,Photography by Brandon Alley,Photography by Brandon Alley,BrandonAlleyPhotography_untitled shoot_2026050221.jpg,,,,Portrait,819:1024
Unassigned,https://www.flickr.com/photos/204244048@N05/55174862805/,https://live.staticflickr.com/65535/55174862805_526015f4ef_m.jpg,8,,,Yes,true,,,https://live.staticflickr.com/65535/55174862805_526015f4ef_b.jpg,55174862805,AlleyPhotography_IMG_3887.jpg,2026-03-28 12:11:19,683,1024,Canon EOS R100,,1/1000,,1600,,Manual,Multi-segment,Auto,"Flash (off, did not fire)",Published,,,,Photography by Brandon Alley,Photography by Brandon Alley,AlleyPhotography_IMG_3887.jpg,,,,Portrait,683:1024
Silver River,https://www.flickr.com/photos/204244048@N05/55268958145/,https://live.staticflickr.com/65535/55268958145_c1c8cb087b_m.jpg,9,,silver-river,Yes,true,herons,Nyctanassa violacea,https://live.staticflickr.com/65535/55268958145_c1c8cb087b_b.jpg,55268958145,BrandonAlleyPhotography_SiliverSprings_202605101183.jpg,2026-05-10 17:25:10,1024,683,Canon EOS R100,,1/200,,200,,Manual,Multi-segment,Auto,"Flash (off, did not fire)",Published,herons,,,Yellow-crowned Night-Heron,Yellow-crowned Night-Heron,BrandonAlleyPhotography_SiliverSprings_202605101183.jpg,,,,Landscape,1024:683
Silver River,https://www.flickr.com/photos/204244048@N05/55268957900/,https://live.staticflickr.com/65535/55268957900_7aff49f7d3_m.jpg,10,,silver-river,Yes,true,herons,Egretta caerulea,https://live.staticflickr.com/65535/55268957900_7aff49f7d3_b.jpg,55268957900,BrandonAlleyPhotography_SiliverSprings_20260510598.jpg,2026-05-10 15:53:36,683,1024,Canon EOS R100,,1/160,,100,,Auto,Multi-segment,Auto,"Flash (off, did not fire)",Published,herons,,,Little Blue Heron,Little Blue Heron,BrandonAlleyPhotography_SiliverSprings_20260510598.jpg,,,,Portrait,683:1024
Project: herons,https://www.flickr.com/photos/204244048@N05/55267648392/,https://live.staticflickr.com/65535/55267648392_f20c890bff_m.jpg,11,,herons,Yes,true,herons,Ardea herodias,https://live.staticflickr.com/65535/55267648392_f20c890bff_b.jpg,55267648392,BrandonAlleyPhotography_untitled shoot_2026050939.jpg,2026-05-09 13:55:37,683,1024,Canon EOS R100,RF50mm F1.8 STM,1/1600,f/1.8,100,50.0 mm,Auto,Multi-segment,Auto,"Flash (off, did not fire)",Published,herons,,,Great Blue Heron,Great Blue Heron,BrandonAlleyPhotography_untitled shoot_2026050939.jpg,,,,Portrait,683:1024
Project: herons,https://www.flickr.com/photos/204244048@N05/55269065449/,https://live.staticflickr.com/65535/55269065449_aafc10cc7a_m.jpg,12,,herons,Yes,true,herons,Egretta thula,https://live.staticflickr.com/65535/55269065449_aafc10cc7a_b.jpg,55269065449,BrandonAlleyPhotography-4652,2026-04-08 10:47:48,1024,683,Canon EOS R100,,1/4000,,400,,Auto,Multi-segment,Auto,"Flash (off, did not fire)",Published,herons,,,Snowy Egret,Snowy Egret,BrandonAlleyPhotography-4652,,,,Landscape,1024:683
Project: herons,https://www.flickr.com/photos/204244048@N05/55249900291/,https://live.staticflickr.com/65535/55249900291_eb9c82c3df_m.jpg,13,,herons,Yes,true,herons,Ardea alba,https://live.staticflickr.com/65535/55249900291_eb9c82c3df_b.jpg,55249900291,BrandonAlleyPhotography-4347.jpg,2026-04-08 10:26:44,1024,683,Canon EOS R100,RF-S18-45mm F4.5-6.3 IS STM,1/1600,f/6.3,100,45.0 mm,Auto,Multi-segment,Auto,"Flash (off, did not fire)",Published,herons,,,Great Egret,Great Egret,BrandonAlleyPhotography-4347.jpg,,,,Landscape,1024:683
Unassigned,https://www.flickr.com/photos/204244048@N05/55249990758/,https://live.staticflickr.com/65535/55249990758_8bf1386914_m.jpg,14,,,Yes,true,,,https://live.staticflickr.com/65535/55249990758_8bf1386914_b.jpg,55249990758,BrandonAlleyPhotography_untitled shoot_20260423170.jpg,2026-04-23 16:28:08,1024,683,Canon EOS R100,RF50mm F1.8 STM,1/320,f/2.8,100,50.0 mm,Auto,Multi-segment,Auto,"Flash (off, did not fire)",Published,,,,Photography by Brandon Alley,Photography by Brandon Alley,BrandonAlleyPhotography_untitled shoot_20260423170.jpg,,,,Landscape,1024:683
Unassigned,https://www.flickr.com/photos/204244048@N05/55249847956/,https://live.staticflickr.com/65535/55249847956_9420a2b4ba_m.jpg,15,,,Yes,true,,,https://live.staticflickr.com/65535/55249847956_9420a2b4ba_b.jpg,55249847956,BrandonAlleyPhotography_untitled shoot_20260423278.jpg,2026-04-23 16:59:15,1024,683,Canon EOS R100,,1/800,,100,,Auto,Multi-segment,Auto,"Flash (off, did not fire)",Published,,,,Photography by Brandon Alley,Photography by Brandon Alley,BrandonAlleyPhotography_untitled shoot_20260423278.jpg,,,,Landscape,1024:683
Unassigned,https://www.flickr.com/photos/204244048@N05/55225222323/,https://live.staticflickr.com/65535/55225222323_4a86a6f175_m.jpg,16,,,Yes,true,,,https://live.staticflickr.com/65535/55225222323_4a86a6f175_b.jpg,55225222323,BrandonAlleyPhotography_Jae&SandraVowRenewal_20260418248.jpg,2026-04-18 16:55:48,731,1024,Canon EOS R100,RF-S18-45mm F4.5-6.3 IS STM,1/125,f/6.3,100,35.0 mm,Auto,Multi-segment,Auto,"Flash (off, did not fire)",Published,,,,Jae & Sandra Vow Renewal,Jae & Sandra Vow Renewal,BrandonAlleyPhotography_Jae&SandraVowRenewal_20260418248.jpg,,,,Portrait,731:1024
Project: herons,https://www.flickr.com/photos/204244048@N05/55201917211/,https://live.staticflickr.com/65535/55201917211_89fd523944_m.jpg,17,,herons,Yes,true,herons,Egretta thula,https://live.staticflickr.com/65535/55201917211_89fd523944_b.jpg,55201917211,AlleyPhotography_IMG_4647-Edit.jpg,2026-04-08 10:47:25,1024,683,Canon EOS R100,,1/4000,,400,,Auto,Multi-segment,Auto,"Flash (off, did not fire)",Published,herons,,,Snowy Egret,Snowy Egret,AlleyPhotography_IMG_4647-Edit.jpg,,,,Landscape,1024:683
Unassigned,https://www.flickr.com/photos/204244048@N05/55198152423/,https://live.staticflickr.com/65535/55198152423_a55f5c0f74_m.jpg,18,,,Yes,true,,,https://live.staticflickr.com/65535/55198152423_a55f5c0f74_b.jpg,55198152423,AlleyPhotography_IMG_4568.jpg,2026-04-08 10:42:09,1024,683,Canon EOS R100,,1/125,,100,,Auto,Multi-segment,Auto,"Flash (off, did not fire)",Published,,,,Photography by Brandon Alley,Photography by Brandon Alley,AlleyPhotography_IMG_4568.jpg,,,,Landscape,1024:683
Unassigned,https://www.flickr.com/photos/204244048@N05/55198253354/,https://live.staticflickr.com/65535/55198253354_35cd84e9f9_m.jpg,19,,,Yes,true,,,https://live.staticflickr.com/65535/55198253354_35cd84e9f9_b.jpg,55198253354,AlleyPhotography_IMG_4295.jpg,2026-04-08 10:10:06,1024,683,Canon EOS R100,,1/800,,100,,Auto,Multi-segment,Auto,"Flash (off, did not fire)",Published,,,,Photography by Brandon Alley,Photography by Brandon Alley,AlleyPhotography_IMG_4295.jpg,,,,Landscape,1024:683
Unassigned,https://www.flickr.com/photos/204244048@N05/55197113802/,https://live.staticflickr.com/65535/55197113802_cb0715fa72_m.jpg,20,,,Yes,true,,,https://live.staticflickr.com/65535/55197113802_cb0715fa72_b.jpg,55197113802,AlleyPhotography_IMG_4197.jpg,2026-04-08 10:02:36,1024,683,Canon EOS R100,,1/4000,,100,,Auto,Multi-segment,Auto,"Flash (off, did not fire)",Published,,,,Photography by Brandon Alley,Photography by Brandon Alley,AlleyPhotography_IMG_4197.jpg,,,,Landscape,1024:683
Unassigned,https://www.flickr.com/photos/204244048@N05/55198151633/,https://live.staticflickr.com/65535/55198151633_86139082e9_m.jpg,21,,,Yes,true,,,https://live.staticflickr.com/65535/55198151633_86139082e9_b.jpg,55198151633,AlleyPhotography_IMG_4181.jpg,2026-04-08 10:00:42,1024,683,Canon EOS R100,,1/4000,,100,,Auto,Multi-segment,Auto,"Flash (off, did not fire)",Published,,,,Photography by Brandon Alley,Photography by Brandon Alley,AlleyPhotography_IMG_4181.jpg,,,,Landscape,1024:683
Unassigned,https://www.flickr.com/photos/204244048@N05/55174718119/,https://live.staticflickr.com/65535/55174718119_fcc96e9679_m.jpg,22,,,Yes,true,,,https://live.staticflickr.com/65535/55174718119_fcc96e9679_b.jpg,55174718119,AlleyPhotography_IMG_3998.jpg,2026-03-28 12:15:28,683,1024,Canon EOS R100,,1/200,,200,,Manual,Multi-segment,Auto,"Flash (off, did not fire)",Published,,,,Photography by Brandon Alley,Photography by Brandon Alley,AlleyPhotography_IMG_3998.jpg,,,,Portrait,683:1024
Unassigned,https://www.flickr.com/photos/204244048@N05/55174717824/,https://live.staticflickr.com/65535/55174717824_1760dae358_m.jpg,23,,,Yes,true,,,https://live.staticflickr.com/65535/55174717824_1760dae358_b.jpg,55174717824,BrandonAlleyPhotography-0091.jpg,2026-03-13 18:14:54,1024,683,Canon EOS R100,RF-S18-45mm F4.5-6.3 IS STM,1/100,f/7.1,200,45.0 mm,Auto,Multi-segment,Manual,"Flash (off, did not fire)",Published,,,,Photography by Brandon Alley,Photography by Brandon Alley,BrandonAlleyPhotography-0091.jpg,,,,Landscape,1024:683
Unassigned,https://www.flickr.com/photos/204244048@N05/55141237211/,https://live.staticflickr.com/65535/55141237211_d22ab4de9a_m.jpg,24,,,Yes,true,,,https://live.staticflickr.com/65535/55141237211_d22ab4de9a_b.jpg,55141237211,TheAlleyPhotography.jpg,2026-03-07 18:32:08,769,1024,Canon EOS 20D,18.0-55.0 mm,1/80,f/6.3,400,55.0 mm,Auto,Average,Manual,"Flash (off, did not fire)",Published,,,,Photography by Brandon Alley,Photography by Brandon Alley,TheAlleyPhotography.jpg,,,,Portrait,769:1024
Unassigned,https://www.flickr.com/photos/204244048@N05/55139720299/,https://live.staticflickr.com/65535/55139720299_2e23294ac7_m.jpg,25,,,Yes,true,,,https://live.staticflickr.com/65535/55139720299_2e23294ac7_b.jpg,55139720299,BrandonAlleyPhotography-8451.jpg,2026-03-07 18:27:15,1024,683,Canon EOS 20D,18.0-55.0 mm,1/80,f/5.6,400,54.0 mm,Auto,Average,Manual,"Flash (off, did not fire)",Published,,,,Photography by Brandon Alley,Photography by Brandon Alley,BrandonAlleyPhotography-8451.jpg,,,,Landscape,1024:683
Sweetwater Wetland Preserve,https://www.flickr.com/photos/204244048@N05/55283597631/,https://live.staticflickr.com/65535/55283597631_8baf6451e3_m.jpg,26,,sweetwater-wetland-preserve,Yes,true,herons,Ardea herodias,https://live.staticflickr.com/65535/55283597631_8baf6451e3_b.jpg,55283597631,BrandonAlleyPhotography_SweetwaterWetlandPark_20260517611.jpg,2026-05-17 18:52:24,683,1024,Canon EOS R100,,1/500,,500,,Manual,Multi-segment,Auto,"Flash (off, did not fire)",Published,herons,,,Great Blue Heron,Great Blue Heron,BrandonAlleyPhotography_SweetwaterWetlandPark_20260517611.jpg,,,,Portrait,683:1024
Sweetwater Wetland Preserve,https://www.flickr.com/photos/204244048@N05/55282678262/,https://live.staticflickr.com/65535/55282678262_b9e76f6883_m.jpg,27,,sweetwater-wetland-preserve,Yes,true,herons,Nycticorax nycticorax,https://live.staticflickr.com/65535/55282678262_b9e76f6883_b.jpg,55282678262,BrandonAlleyPhotography_SweetwaterWetlandPark_20260517438.jpg,2026-05-17 18:26:16,1024,683,Canon EOS R100,,1/640,,1250,,Manual,Multi-segment,Auto,"Flash (off, did not fire)",Published,herons,,,Black-crowned Night-Heron,Black-crowned Night-Heron,BrandonAlleyPhotography_SweetwaterWetlandPark_20260517438.jpg,,,,Landscape,1024:683
Sweetwater Wetland Preserve,https://www.flickr.com/photos/204244048@N05/55283738983/,https://live.staticflickr.com/65535/55283738983_c5ba4ef8dd_m.jpg,28,,sweetwater-wetland-preserve,Yes,true,,,https://live.staticflickr.com/65535/55283738983_c5ba4ef8dd_b.jpg,55283738983,BrandonAlleyPhotography_SweetwaterWetlandPark_20260517429.jpg,2026-05-17 18:25:34,683,1024,Canon EOS R100,,1/640,,1000,,Manual,Multi-segment,Auto,"Flash (off, did not fire)",Published,,,,Photography by Brandon Alley,Photography by Brandon Alley,BrandonAlleyPhotography_SweetwaterWetlandPark_20260517429.jpg,,,,Portrait,683:1024
Sweetwater Wetland Preserve,https://www.flickr.com/photos/204244048@N05/55284001095/,https://live.staticflickr.com/65535/55284001095_b95ecfb0ac_m.jpg,29,,sweetwater-wetland-preserve,Yes,true,herons,Butorides virescens,https://live.staticflickr.com/65535/55284001095_b95ecfb0ac_b.jpg,55284001095,BrandonAlleyPhotography_SweetwaterWetlandPark_20260517411.jpg,2026-05-17 18:23:24,1024,683,Canon EOS R100,,1/200,,250,,Manual,Multi-segment,Auto,"Flash (off, did not fire)",Published,herons,,,Green Heron,Green Heron,BrandonAlleyPhotography_SweetwaterWetlandPark_20260517411.jpg,,,,Landscape,1024:683
Sweetwater Wetland Preserve,https://www.flickr.com/photos/204244048@N05/55283968819/,https://live.staticflickr.com/65535/55283968819_0fa0d99313_m.jpg,30,,sweetwater-wetland-preserve,Yes,true,,,https://live.staticflickr.com/65535/55283968819_0fa0d99313_b.jpg,55283968819,BrandonAlleyPhotography_SweetwaterWetlandPark_202605171045.jpg,2026-05-17 19:46:45,1024,683,Canon EOS R100,,1/640,,1600,,Manual,Multi-segment,Auto,"Flash (off, did not fire)",Published,,,,Photography by Brandon Alley,Photography by Brandon Alley,BrandonAlleyPhotography_SweetwaterWetlandPark_202605171045.jpg,,,,Landscape,1024:683
Sweetwater Wetland Preserve,https://www.flickr.com/photos/204244048@N05/55283736581/,https://live.staticflickr.com/65535/55283736581_167df13cfa_m.jpg,31,,sweetwater-wetland-preserve,Yes,true,,,https://live.staticflickr.com/65535/55283736581_167df13cfa_b.jpg,55283736581,BrandonAlleyPhotography_SweetwaterWetlandPark_202605171038.jpg,2026-05-17 19:45:46,1024,683,Canon EOS R100,,1/640,,1600,,Manual,Multi-segment,Auto,"Flash (off, did not fire)",Published,,,,Photography by Brandon Alley,Photography by Brandon Alley,BrandonAlleyPhotography_SweetwaterWetlandPark_202605171038.jpg,,,,Landscape,1024:683
Sweetwater Wetland Preserve,https://www.flickr.com/photos/204244048@N05/55283879263/,https://live.staticflickr.com/65535/55283879263_9582d48133_m.jpg,32,,sweetwater-wetland-preserve,Yes,true,,,https://live.staticflickr.com/65535/55283879263_9582d48133_b.jpg,55283879263,BrandonAlleyPhotography_SweetwaterWetlandPark_202605171036.jpg,2026-05-17 19:45:32,1024,683,Canon EOS R100,,1/640,,1600,,Manual,Multi-segment,Auto,"Flash (off, did not fire)",Published,,,,Photography by Brandon Alley,Photography by Brandon Alley,BrandonAlleyPhotography_SweetwaterWetlandPark_202605171036.jpg,,,,Landscape,1024:683
Sweetwater Wetland Preserve,https://www.flickr.com/photos/204244048@N05/55282818817/,https://live.staticflickr.com/65535/55282818817_1bbcffccc3_m.jpg,33,,sweetwater-wetland-preserve,Yes,true,,,https://live.staticflickr.com/65535/55282818817_1bbcffccc3_b.jpg,55282818817,BrandonAlleyPhotography_SweetwaterWetlandPark_202605171029.jpg,2026-05-17 19:44:32,1024,683,Canon EOS R100,,1/640,,1600,,Manual,Multi-segment,Auto,"Flash (off, did not fire)",Published,,,,Photography by Brandon Alley,Photography by Brandon Alley,BrandonAlleyPhotography_SweetwaterWetlandPark_202605171029.jpg,,,,Landscape,1024:683
Sweetwater Wetland Preserve,https://www.flickr.com/photos/204244048@N05/55283878928/,https://live.staticflickr.com/65535/55283878928_4f259f5d22_m.jpg,34,,sweetwater-wetland-preserve,Yes,true,,,https://live.staticflickr.com/65535/55283878928_4f259f5d22_b.jpg,55283878928,BrandonAlleyPhotography_SweetwaterWetlandPark_20260517972.jpg,2026-05-17 19:34:31,683,1024,Canon EOS R100,,1/640,,640,,Manual,Multi-segment,Auto,"Flash (off, did not fire)",Published,,,,Photography by Brandon Alley,Photography by Brandon Alley,BrandonAlleyPhotography_SweetwaterWetlandPark_20260517972.jpg,,,,Portrait,683:1024
Sweetwater Wetland Preserve,https://www.flickr.com/photos/204244048@N05/55283967969/,https://live.staticflickr.com/65535/55283967969_aa36e9694a_m.jpg,35,,sweetwater-wetland-preserve,Yes,true,,,https://live.staticflickr.com/65535/55283967969_aa36e9694a_b.jpg,55283967969,BrandonAlleyPhotography_SweetwaterWetlandPark_20260517967.jpg,2026-05-17 19:33:39,1024,683,Canon EOS R100,,1/640,,500,,Manual,Multi-segment,Auto,"Flash (off, did not fire)",Published,,,,Photography by Brandon Alley,Photography by Brandon Alley,BrandonAlleyPhotography_SweetwaterWetlandPark_20260517967.jpg,,,,Landscape,1024:683
Sweetwater Wetland Preserve,https://www.flickr.com/photos/204244048@N05/55283735911/,https://live.staticflickr.com/65535/55283735911_f345dec018_m.jpg,36,,sweetwater-wetland-preserve,Yes,true,,,https://live.staticflickr.com/65535/55283735911_f345dec018_b.jpg,55283735911,BrandonAlleyPhotography_SweetwaterWetlandPark_20260517561.jpg,2026-05-17 18:43:57,1024,683,Canon EOS R100,,1/160,,500,,Manual,Multi-segment,Auto,"Flash (off, did not fire)",Published,,,,Photography by Brandon Alley,Photography by Brandon Alley,BrandonAlleyPhotography_SweetwaterWetlandPark_20260517561.jpg,,,,Landscape,1024:683
Sweetwater Wetland Preserve,https://www.flickr.com/photos/204244048@N05/55284141365/,https://live.staticflickr.com/65535/55284141365_3145f46924_m.jpg,37,,sweetwater-wetland-preserve,Yes,true,,,https://live.staticflickr.com/65535/55284141365_3145f46924_b.jpg,55284141365,BrandonAlleyPhotography_SweetwaterWetlandPark_20260517549.jpg,2026-05-17 18:43:10,1024,683,Canon EOS R100,,1/160,,125,,Manual,Multi-segment,Auto,"Flash (off, did not fire)",Published,,,,Photography by Brandon Alley,Photography by Brandon Alley,BrandonAlleyPhotography_SweetwaterWetlandPark_20260517549.jpg,,,,Landscape,1024:683
Sweetwater Wetland Preserve,https://www.flickr.com/photos/204244048@N05/55283878458/,https://live.staticflickr.com/65535/55283878458_d625753997_m.jpg,38,,sweetwater-wetland-preserve,Yes,true,,,https://live.staticflickr.com/65535/55283878458_d625753997_b.jpg,55283878458,BrandonAlleyPhotography_SweetwaterWetlandPark_20260517474.jpg,2026-05-17 18:28:16,1024,683,Canon EOS R100,,1/640,,1600,,Manual,Multi-segment,Auto,"Flash (off, did not fire)",Published,,,,Photography by Brandon Alley,Photography by Brandon Alley,BrandonAlleyPhotography_SweetwaterWetlandPark_20260517474.jpg,,,,Landscape,1024:683
Sweetwater Wetland Preserve,https://www.flickr.com/photos/204244048@N05/55283878413/,https://live.staticflickr.com/65535/55283878413_398fdbb8f5_m.jpg,39,,sweetwater-wetland-preserve,Yes,true,,,https://live.staticflickr.com/65535/55283878413_398fdbb8f5_b.jpg,55283878413,BrandonAlleyPhotography_SweetwaterWetlandPark_20260517181.jpg,2026-05-17 17:58:54,1024,683,Canon EOS R100,,1/1000,,1600,,Manual,Multi-segment,Auto,"Flash (off, did not fire)",Published,,,,Photography by Brandon Alley,Photography by Brandon Alley,BrandonAlleyPhotography_SweetwaterWetlandPark_20260517181.jpg,,,,Landscape,1024:683
Sweetwater Wetland Preserve,https://www.flickr.com/photos/204244048@N05/55283878268/,https://live.staticflickr.com/65535/55283878268_e0df3ec914_m.jpg,40,,sweetwater-wetland-preserve,Yes,true,,,https://live.staticflickr.com/65535/55283878268_e0df3ec914_b.jpg,55283878268,BrandonAlleyPhotography_SweetwaterWetlandPark_2026051771.jpg,2026-05-17 15:02:58,1024,683,Canon EOS R100,,1/250,,100,,Auto,Multi-segment,Auto,"Flash (off, did not fire)",Published,,,,Photography by Brandon Alley,Photography by Brandon Alley,BrandonAlleyPhotography_SweetwaterWetlandPark_2026051771.jpg,,,,Landscape,1024:683
Sweetwater Wetland Preserve,https://www.flickr.com/photos/204244048@N05/55283735431/,https://live.staticflickr.com/65535/55283735431_d2711f1035_m.jpg,41,,sweetwater-wetland-preserve,Yes,true,,,https://live.staticflickr.com/65535/55283735431_d2711f1035_b.jpg,55283735431,BrandonAlleyPhotography_SweetwaterWetlandPark_2026051751.jpg,2026-05-17 15:00:09,1024,683,Canon EOS R100,,1/200,,500,,Manual,Multi-segment,Auto,"Flash (off, did not fire)",Published,,,,Photography by Brandon Alley,Photography by Brandon Alley,BrandonAlleyPhotography_SweetwaterWetlandPark_2026051751.jpg,,,,Landscape,1024:683
Sweetwater Wetland Preserve,https://www.flickr.com/photos/204244048@N05/55283878123/,https://live.staticflickr.com/65535/55283878123_1fe399caf3_m.jpg,42,,sweetwater-wetland-preserve,Yes,true,,,https://live.staticflickr.com/65535/55283878123_1fe399caf3_b.jpg,55283878123,BrandonAlleyPhotography_SweetwaterWetlandPark_2026051740.jpg,2026-05-17 14:59:48,1024,683,Canon EOS R100,,1/200,,500,,Manual,Multi-segment,Auto,"Flash (off, did not fire)",Published,,,,Photography by Brandon Alley,Photography by Brandon Alley,BrandonAlleyPhotography_SweetwaterWetlandPark_2026051740.jpg,,,,Landscape,1024:683